listingID,hostID,list_type,latitude,longitude,unit_number,title,description,num_bedrooms,num_beds,num_bathrooms,max_guests,is_available,created_on
6976,16701,Loft,42.29243789,-71.13576525,90,Mexican Folk Art Haven in Boston,"Come stay with a friendly, middle-aged guy in the safe and quiet Roslindale neighborhood of Boston. You will have you own clean, furnished room (with cable TV, Wi-Fi, and a desk to work at) in an apartment that is filled with Mexican folk art. This is a well-maintained two-family house built in the 1920s. My apartment is on the second floor. This is a pet and smoke-free apartment.   PRICE: Price includes ALL utilities (heat, electricity, Wi-Fi, cable TV, air conditioner), parking in street, and use of back yard. NO SMOKING indoors or outside. This is a room for one person, only. Note that the bed is a size ""Full"" mattress, not a Queen or a King.  The price listed is for one person.  I offer discounted rates for stays of one week or longer.   Guests get free coffee and a slice or two of my homemade banana or zucchini bread in the morning.  It's not a full breakfast, but it will get your day started on the right track. YOUR ROOM: Measures 12.5 by 11.5 feet. It has 2 windows, side-by side",1,1,1,1,,
152630,734359,Apartment,45.51719041,-73.61798789,27,Nice and sunny condo/Outremont,"J'aime ce quartier car il réunit à la fois la vie ville\village.  C'est un quartier résidentiel  entrecoupé par des rues très animées et  très diversifiées.  Il y a beaucoup d'arbres, de nombreux parcs avec aires de jeux pour les enfants. Hi, I am renting my apartment. Special price for weekly rental. Magnificent apartment located in Montreal, Outremont. Outremont is one of the most ""green"" neighborhoods of Montreal. You will find there many parks, gardens, trees. It is great for kids as well as adults ! 3rd floor of a triplex. Newly renovated. Furnished with taste. Very sunny, fully equiped. A large open space combining kitchen and living room with fireplace. 2 confortable bedrooms.  the second bedroom has no door, only curtains and opens up on the living room.  there are 2 beds  A nice bathroom (with washing machine and dryer) Great terrasse at the back and a small balcony in front. Telephone (local calls), Cable tv, internet wifi. head, electricity included The neiborhood is is calm",2,3,1,3,,
225834,1176995,Loft,42.28052813,-71.13084254,48,Skyline View to Boston,"High atop Metropolitan Hill. Expansive view. No buildings higher, sleep with the windows uncovered. Experience sunrise like you were sleeping on the beach. Home roasted exotic coffee and fresh baked bread greet you in the morning. A travel adventure. After a good nights' sleep you will wake each morning to the smell of fresh brewed coffee - roasted here by me from exotic green beans. Pair this with some fresh baked artisan bread that I bake and typically have on hand. If you love coffee and fresh home made bread, it doesn't get any better then this. If you are interested, I might give you a lesson or two on how to roast your own coffee. In addition to fresh baked bread toasted with jam additional breakfast offerings may include cereal, bagels with cream cheese, or, on occassion, a Colombian breakfast of arepa, egg, and cheese. It's delicioso and a high protein breakfast, a great way to start the day. At the end of the day I occassionally offer a fresh baked baguette with a sampling of ",1,1,0,2,,
225979,1176995,Loft,42.28145207,-71.12925004,40,Cozy Room & Fresh Roasted Coffee,"Fresh home roasted coffee from around the world awaits you each morning along with a thick slice of my freshly baked artisan bread. This alcove room is comfortable for any length of stay with some stays up to 6 months. Excellent for those relocating. This is a charming, bright, and sunny apartment with views of the Boston skyline and is absolutely a comfortable, professional, and safe place for both men and women. You will awake each morning to the smell of fresh brewed coffee - roasted here by me from exotic green beans. Pair this with some fresh baked artisan bread that I typically have on hand. If you love coffee and fresh home made bread, it doesn't get any better then this. If you are interested, I might give you a lesson or two on how to roast your own coffee. In addition to fresh baked bread toasted with jam additional breakfast offerings may include cereal, bagels with cream cheese, or, on occassion, a Colombian breakfast of arepa, egg, and cheese. It's delicioso and high prote",1,1,0,1,,
382929,1890533,villa,45.52076029,-73.61280806,43,Must love cats - flat in Montreal!,"Looking to live in a beautiful and safe neighborhood,  one block from a subway station? You wish for a quiet yet fun person to share a gorgeous place with?  You love the presence of a funny cat? Well, this might be your lucky day! One block away from Outremont Metro station. Very nice and safe neighbourhood!  Everything is walking distance (restaurants, bars, grocery stores, drugstores, banks, etc.) You will share this spacious apartment (6 1/2) with a very easygoing and quiet roommate (me!). I will answer all your questions about the neighborhood or any ""technical"" or practical questions when they arise. You will become instant friends with Partner, the house cat, if you show him you can play too.  He loves to chase the laser light! :-O Looking forward to meet and greet you!   :-) P.S.:  I don't know why my apartment does not show on the Airbnb map... INCLUDED :  - High Speed Internet Wi-Fii  - Heating/ Electricity/ Gaz  - Washer & Dryer  - Dishwasher  - Toaster Oven / Microwave Oven ",1,1,1,2,,
488959,110792,Apartment,45.51865769,-73.61271299,29,Nice flat in great neighbourhood,"English will follow. Bonjour!  Nous offrons un logement sympa pouvant accommoder jusqu'à 3-4 personnes, dans un quartier tout aussi agréable. Chambre avec un grand lit double, canapé-lit au salon, cuisine bien équipée. Très ensoleillé et décoré de belles plantes. Outremont est un des quartiers les plus sympa de Montréal, le meilleur à notre avis: on y trouve de nombreux parcs, de très bons petits restaurants et cafés, la meilleure boulangerie de l'île, de petites boutiques etc. C'est à côté du Mile-End et pas très loin du Plateau. On peut facilement rejoindre le centre de la ville (10 minutes environ en autobus). Nous avons un piano. Et Internet sans fil, mais pas de télévision! _____ Hi! We are offering a nice apartment for up to 3-4 persons: one bedroom with a big double bed, folding couch in living room, well-equipped kitchen. Very sunny, with several plants.  Outremont is one of the best neighbourhoods in Montreal: very green, several parks, nice cafes and restaurants. Close to the",1,2,1,4,,
533084,2619674,Apartment,45.51822446,-73.59651255,25,parisian apartment in Outremont ,"looking for people interested in a middle-term stay (from may 2014 until summer 2015, more or less) My apartment is located on the very chic Laurier Street, not far from Mile-End and the Mont-Royal Moutain. It gets the advantage of town as well as the quietnes of residential sector  wherein you can enjoy a very exciting local life AND a a quiet neighborhood, with a lot of trees.  The place was built in 1927 and is quite unique in his style. Because it's at the back side of the building and very well isolated, the place is very calm.  The apartment is all furnished and has two bedrooms with a double-bed in each room. It can accomodate 4 people.  Fees include internet and local phone.  There are several buses near by ((PHONE NUMBER HIDDEN)) and the Laurier metro station is about 13 minutes by foot.  Don't hesitate to contact me if you have some further questions ! I will be pleased to answer them.  ",1,1,1,2,,
543823,2673521,Apartment,45.52014105,-73.61294962,28,Nice large bedroom in Outremont,"Nice large bedroom in Outremont. The room includes a double bed and a desk for your laptop with WIFI internet connexion. You will also have access to a large living room, a fully equiped kitchen (including an espresso machine!) and a terrasse with a BBQ to enjoy summer evenings. Air conditionning.  Three minutes walk from Outremont metro station. Easy access to Université de Montréal, Plateau Mont-Royal, Mile-End and downtown Montreal. BIXI station near by. Although close to downtown, Outremont is a very nice and quiet neighborhood, with numerous parks and trees along each streets. There is a nice public (outside) swimming pool just two blocks from here. You will be close to Bernard and Van Horne streets where you will find trendy restaurants and cafés. I am a sociologist and a photographer and would be happy to make you discover my beautiful city. I love gestonomy and would be happy to share my secrets concerning restaurants and beautiful places. ",2,2,1,4,,
753348,3945222,Townhouse,45.52014033,-73.61552032,78,Cozy apartment in Montreal,"Apartment cozy en plein coeur de Montrél a 2 minutes a pied du métro. Belle vue sur parc avec piscine découverte. Tout confort, 2 chambres fermées avec lits queen et un canapé lit dans salon pour extra. Nombreux commerces accessibles à pied. Lovely apartment all furnished and  Ideally located in the beautiful quarter of Outremont ( centrer of Montreal), 2 minutes walk distance from the subway and 10 minutes from the Mont Royal.  Facing beautiful park with swimming pool.  Walking distance from commerces: bakery, cafes, grocery stores, banks, etc. 2 big bedrooms with double and queen beds + living room equipped with queen sofa bed. can sleep 4 and up to 6 people. Piano, washing machine and dryer in the apartment. Very comfortable and quiet. Wifi. All equipments Plein d'arbres et de parcs. Jolie architecture. Environnement très famille. Proche du métro et du plateau. 20 minutes en taxi de l'aéroport. 2 min à pied du métro. Stationnement gratuit dans la rue et rues avoisinantes avec certai",2,2,1,6,,
753446,3962517,Loft,42.28587764,-71.12490956,1,6 miles away from downtown Boston!,"Nice and cozy apartment about 6 miles away to downtown Boston and only about 20 minutes via public transportation with plenty of street parking. It is a 5 minute walk from Rolsindale Village where you can find public transportation. Nice and cozy apartment about 6 miles away to downtown Boston and only about 20 minutes via public transportation with plenty of street parking. It is a 5 minute walk from Rolsindale Village where you can find public transportation, a Supermarket, a Bakery, and a ton of great bars and restaurants. It is also 1 mile from Forest Hills Station:  Bus/Subway/Train. It is conveniently located, with a small town atmosphere and just minutes to the city.  The bedroom is about 12 x 12, with a bunk bed for 2 guests including, a dresser, closet and a small desk. No TV. Shared bathroom. Amenities include: Free WIFI internet. Fresh towels. Pets: 1 cat.",1,2,1,2,,
781153,4120058,Townhouse,49.24555376,-123.1822256,77,The Secret Garden in Vancouver BC,"Everything you need for a perfect stay!  Fireplace, sauna, your own BBQ hut and patio.    Lush gardens, tropical retreat with water feature, in a quiet and safe neighbourhood one block from shopping in Dunbar Village - close to UBC and downtown. The Secret Garden is a large garden suite with lots of light and windows, surrounded by lush gardens.  The apartment is on the ground level of a Craftsman styled house in a very quiet treed neighbourhood half a block from Dunbar Village. The apartment has two bedrooms - one with queen bed, one with standard double bed, lots of storage and closet space.  There is one bathroom with walk-in shower and rainhead and a sauna.  The kitchen is fully equipped with dishes, cutlery, pots and pans, etc. and has a full-size fridge with top freezer compartment and a microwave and full size stove.  Cozy and warm in winter with a lovely gas fireplace, and cool in summer. Half a block down the street is Dunbar Village with many ethnic restaurants, two pubs, liq",2,2,1,4,,
879929,4653380,Loft,42.29151999,-71.13185777,21,Surround yourself with custom art!,"One big bedroom in a three bedroom Apartment in Boston. Guest has use of kitchen, living room, Laundry on premises. Conveniently located on back side of Arnold Arboretum, just a 3 minute walk to commuter rail (and then 11Minutes to Down town), bus stop at corner, 15 minute walk to Forest hills MBTA station. 3 minute walk to restaurants and stores. On bike path to inner corridor. This is the home of a woodworker/sculptor and you will be surrounded by art. Located in a safe quiet neighborhood.  Guests have use of bedroom shared bathroom and kitchen. I have bicycles on premises. I try to leave guests alone unless they need help. I am always available for questions by phone or text. This is a safe beautiful neighborhood bordering the Arnold Arboretum. Easy walk to dinner safe to walk home at night. Easy access to commuter rail, bus and MBTA. I am located on Boston bike trail and it is a 4.8 mile bike ride to the center of downtown Boston without riding on any roads.",1,1,1,2,,
951782,5164882,Loft,49.25112912,-123.183859,70,West King Edward Suite,"I have a clean, nicely furnished bedroom. The bedroom has a double futon bed, night table, dresser, desk & closet. Rental includes a full size, fully stocked kitchen, a bathroom to share with the other female roommate, and the use of the living room area. There is a laundry room, wireless internet & utilities included. No Pets & No Smoking. Great local transit access to Downtown Vancouver, Richmond and almost everywhere in the lower mainland. Bus stops located a few houses down from us as well as just up the street. Grocery store, drug store, movie theatre, library, produce shop, coffee shop just a 5 min walk.  Neighbourhood is safe and quiet.",1,1,1,1,,
1281306,6336753,Apartment,49.22759605,-123.1899542,20,Retreat in the City,"Nestled in the forest near the Fraser River and UBC, this architect's own home offers guests the tranquility of the country in the city. This contemporary style  home is a great base for exploring the beautiful  beaches and attractions of Vancouver. 1 king bed, 2 queen and 1 twin comfortably sleep 4-6. Gourmet kitchen has gas cook top and all the staples a chef could require. Grand piano in living room. Relax on the large south facing private deck and barbecue at the end of a day of sightseeing.  Bedrooms and den on main floor level and large backyard make this the ideal choice for families and couples. charcoal barbecue patio heater Wifi, phone and Netflix  2 mountain bikes I will be available by email or phone throughout the stay. Steps to hiking/cycling trails along the river or through beautiful Pacific Spirit Park  5 minutes to UBC and beaches and 15-20 minutes by car to downtown or airport 10 minutes to Dunbar Village shops and movie theatre and Kerrisdale Shopping District and r",4,4,2.5,6,,
1301845,7078248,Apartment,49.24573042,-123.1894273,20,Private Garden Suite ,"This private suite is on the ground level of our home in Vancouver.  It has it's own entry so you can come and go separate from the main house.  This studio suite has been recently renovated and is fully furnished with a full kitchen with stove-top and everything you need to cook and serve a meal, a full bathroom.  The queen size bed is separated from the main room by a privacy screen and there are drawers and a small closet for your things.  Bed linens and towels are provided.  You'll have a TV with full digital, HD cable including lots of movie channels.  Wi-fi is also included.  There is a small private patio outside your door and you have access to a shared backyard garden.  Just 2 short blocks away is a shopping community with just about everything you need: grocery markets, wine store, Starbucks, pub, movie theater, convenience stores, several major banks, hair salons and barbers, several small cafes and restaurants, pharmacies, walk in medical clinic, yoga and fitness studios, b",1,1,1,2,,
1349965,7324823,House,49.24078143,-123.1838027,6,Beautiful 1 BR Dunbar Apt,"Our clean & bright newly renovated 1 bedroom suite with its own private entrance is located on West 34th Ave near Dunbar St.  We are on a direct bus route to downtown Vancouver (approx 20 mins away) and just a few blocks from direct buses to the University (UBC) and other parts of the city.  We are 15 mins from the Airport.  There is ample free on-street parking. The apartment is self-contained and very private.  It has a queen size bed in the bedroom, plus a futon double bed in the living room providing sleeping accomodation for up to 4 people.  Great for singles, couple or a family.  The bathroom has a shower/tub and we are child friendly (high chair, pack n play crib and other child equipment can be provided).  There are tennis courts, forest trails in the UBC Endowment Lands and a playground within walking distance.  Dunbar is a beautiful residential neighbourhood, a short distance from downtown, beaches and all the amenities Vancouver has to offer.  A variety of restaurants and co",1,2,1,4,,
1494726,7506913,Loft,42.27571563,-71.13013943,59,Cozy in Rozzie!,"Spacious & quiet room with private bathroom, for 1 or 2,  in the lower level  of beautiful colonial home. Country feel in the city! Close to public transportation (40 min. to downtown Boston).  Great garden and porch. Golf course 5 min. away. Spacious room with private bathroom in really nice house located south of Boston, 40 minutes to downtown Boston by public transportation.  It accommodates up to 2 people.  Great restaurants nearby. The house has three levels and the room is located in the lower level. Beautiful backyard and garden, country feeling in the city. Share the kitchen and common areas with two more adults and 2 wonderful cats. Wi-Fi, Cable TV, Laundry by asking, Small refrigerator for your use, kitchen (some restrictions), deck and garden. NO Air Conditioner or Handicap access. There are 6 steps down to the room. If you like quaint villages, come to Rozzie Square and explore the great shops and restaurants: American, Indian, Italian, Korean, etc.  Some play live music on",1,1,1,2,,
1564714,8323794,House,45.5225194,-73.60901996,28,Outremont - Mile-End,"OUTREMONT, entièrement meublé, très beau,ensoleillé, grand 4 1/2, 3e triplex, 5 électros. OUTREMONT, fully furnished, all inclusive, beautiful and bright 4 1/2, 3rd floor triplex, 5 appliances. Incluant grande cuisine avec balcon (table, chaises, parasol), salle à manger, salle de bains, chambre à coucher et salon et Internet haute vitesse, bureau, chauffage, électricité...  Includes fully equipped kitchen, TV, DVD player, Radio/CD Player. Wireless High Speed Internet, work table, electricity, heating...; includes a big kitchen with balcony (+ table, parasol and chairs), dining room, bathroom, one bedroom and living room. Cet appartement est situé sur l'avenue Bloomfield près de Lajoie et de la rue Bernard. Seulement 5 minutes du métro Outremont, de plusieurs autobus, épiceries, boulangeries, cafés, restaurants-terrasses, et boutiques sur les rues Bernard, Parc et Saint Viateur. This architect's apartment is located on Bloomfield close to the corner of Lajoie and one street from Bernar",1,2,1.5,3,,
1591827,8491165,Loft,42.28556003,-71.1239987,84,PrivRoom+Bath In Roslindale/Boston,"Cozy room with private bathroom use in Roslindale neighborhood of Boston. Typical commute into city center is 30 minutes via bus and train. Enjoy a nice room, in a nice home, with nice people and easy access to downtown at an affordable rate. Our listing is a private room in a very convenient location. There is no need for a car due to direct access to public transportation (Bus 32, 2 mins walk), but there is also ample street parking (please note no parking in front on Sunday nights for street cleaning) if you bring or rent one. We offer a clean, quiet, friendly, and tolerant atmosphere for all those who want to visit our city at a reasonable cost. Our street is pretty busy, so if you have trouble with traffic noise you may not want to stay at our location. But, we have the extra space, and we are happy to share it. Guests may enjoy their own private bathroom. The bedroom door is key locked (you get 1 key and we have one key for emergency), and guests will be given a key to front door",1,1,1,2,,
1668313,8834105,Loft,42.28194183,-71.1333719,74,Room in Rozzie-Twin Bed-Full Bath,"Quiet second floor bedroom sleeps one in comfort, Includes back yard view, semi-private full bath & use of first floor living area, front porch & garden. Great plus: free street parking or a short walk to public transport into Boston/Cambridge. Guests are welcome to relax in the first floor living area, porch and garden in addition to their own room. Kitchen use by arrangement only. I'm available for guests as work allows. I'm happy to chat, recommend site and activities or let you discover Boston on your own during your stay.  Our neighborhood is quiet and relaxed. There is a lovely village green in walking distance with a diverse selection of shops and restaurants - mostly locally owned. In warm months we have the best farmer's market around. The heart of Boston is only 25 minutes or so away by public transport, sometimes less by car. It is a perfect blend of access to the city and a break from the hustle and bustle. We are less than a block from city buses, which go to the Forest Hi",1,1,1,1,,
1810172,8834105,Loft,42.28208581,-71.13334868,54,Room for 2 in Rozzie - Full Bath,"This second floor bedroom sleeps two in a queen bed. It includes street view, semi-private full bath & use of first floor living area, front porch & garden. Great plus: free street parking or a short walk to public transport into Boston/Cambridge. Guests are welcome to relax in the first floor living area, porch and garden in addition to their own room. Kitchen use by arrangement. I'm available for guests as work allows. I'm happy to chat, recommend site and activities or let you discover Boston on your own during your stay.  Our neighborhood is quiet and relaxed. There is a lovely village green in walking distance with a diverse selection of shops and restaurants - mostly locally owned. In warm months we have the best farmer's market around. The heart of Boston is only 25 minutes or so away by public transport, sometimes less by car. It is a perfect blend of access to the city and a break from the hustle and bustle. We are less than a block from city buses, which go to the Forest Hill",1,1,1,2,,
1826341,9556722,Loft,45.51928585,-73.60962038,88,"Belle chambre meublé, près Mile-End","Belle chambre meublé, près Mile-End",1,1,1.5,1,,
1936861,10021116,Loft,42.28997231,-71.13614632,4,Private Room in Rozzie,Private Room in Rozzie,1,1,1,1,,
2225618,1854872,villa,43.76815432,-79.49742759,92,Cozy & Comfortable w/ En-suite Bath,"Nice spacious master bed room excellent for couples, with a big walk in closet and a private en-suite bathroom. Ideal for one person or married couples. Close to York University, easy access to downtown core, stores & attractions  via express buses. Do not ask if we have availability, please send a booking request. If we have availability we will accept the reservation if not we will decline it within 1 day. Clean friendly, family environment... Looking for quiet responsible guests :) Share House,  No Kitchen facilities Shared Living Room with TV and Couches. 1 Minute to Bus Stop. [ Walk ] 3 Minute to York University. [ Walk ] 5-12 Minute to Downsview Station. [ Bus ] All Utilities Included. Basic Cable. High Speed Internet. Dryer/Washer $ 4 Parking Extra. Airport Pick Up [ $40 Extra depends on availability   less than taxi fee Please include your flight number and arrival date. If you would like us to pick you up.",1,2,1,3,,
2326265,11883405,House,49.24238501,-123.1839912,14,3bdr in Dunbar Village with a View,3bdr in Dunbar Village with a View,3,3,1,6,,
2326272,11883405,House,49.24281384,-123.1843731,66,Cozy 2b garden suite Dunbar Village,Cozy 2b garden suite Dunbar Village,2,3,1,4,,
2570965,19916,Loft,49.23900278,-123.1809587,28,*Total Privacy+Separate Entry*,"Natural light and fresh air pour into this cosy accommodation. Our home has been completely renovated and featured in Style at Home Magazine. We are not only Airbnb hosts, but regular Airbnb guests as well.  We know what makes for a perfect guest experience. Check out our reviews, all our guests seem to think we've got it right!  Everything you need for an easy, comfortable stay is here. The space isn't huge but the photos tell the story. It's a private, self-contained garden level suite with some fun, user-friendly extras. It's quiet too - no dogs barking, no kids running around. AND no cleaning fee! - Bright, modern bedroom with queen bed - Lux linens - Soft pillows and firm pillows. Your choice! - Full bathroom with heated towel rack, blow drier, organic shampoo, conditioner, body wash.  - Kitchenette with mini-fridge and microwave - Selection of coffees and herbal teas, breakfast bars - DIY home-made fruit/nut oatmeal for your first 3 days (guests LOVE this stuff!) - Kettle, dishes",1,1,1,2,,
2583074,13226301,Dormitory,42.27964782,-71.13605873,26,Cozy room in a charming villa.,Cozy room in a charming villa.,1,1,1.5,1,,
2672380,13682119,Townhouse,49.24979713,-123.189133,16,Amazing neighbourhood!,Amazing neighbourhood!,3,3,2,4,,
3038516,15472709,Condominium,45.5127796,-73.59734761,49,"Sunny, Zen apartment in Mile End.","Sunny, Zen apartment in Mile End.",1,2,1,2,,
3075044,2572247,villa,42.28624082,-71.13437396,22,Charming room in pet friendly apt,"Charming and quiet room in a second floor 1910 condo building. The room has a full size bed, darkening curtains, window A/C unit. It's quiet because it's in the back of the house. Shared bathroom. Guests can use kitchen, living room. Pet friendly. Small but cozy and quite room with a full size bed. Ample street parking. Apt has one more bedroom (which I use) and large living space and kitchen that you can use.  Possibility to do laundry. Two porches. If I am at home, I am likely working in my home office, which is a separate room. I can help you settle in and give you tips and directions on the neighborhood and Boston.  The room is in Roslindale, a diverse and primarily residential neighborhood of Boston. It's well connected via public transportation to other neighborhoods and easy to access by car. Roslindale Square is a nice business district with supermarkets. banks, a bakery, etc. (See my Guidebook for some recommendations). The Arnold Arboretum is just steps away. Plenty of safe s",1,1,1,2,,
3200293,6404004,Apartment,49.25687762,-123.1799926,58,Incredible view - Kitsilano/Dunbar,"Our home is the top floor of a lovely house in Kitsilano/Dunbar.  Special features include one of the best views in the entire city with a deck to enjoy it from, a jaccuzi tub for two, king size bed, luxurious kitchen, quiet friendly neighbourhood. The house is just over 1100 sq. feet, on one storey (up a flight of stairs from the back garden).  In floor heating and gas fireplace make for cozy winter nights and 2 sets of french doors onto the balcony/deck make for fresh summer evenings.  In-suite laundry is handy after a hot day at the beach or rainy day hiking up the mountains.  There's also an office-type space with desk & office chair. The house is fully furnished and kitchen fully equiped. You will have access to the entire suite to yourselves.  There's a lovely family that live on the bottom 2 floors of the house, and while you might hear them if they're playing in the back yard they're very well behaved and soundproofing inside the house is excellent.  Free street parking directl",2,1,1.5,4,,
3420384,431385,Loft,42.27440801,-71.12529404,19,"Convient, Safe and Comfortable","Located along public transportation with plenty of on street parking. Extra large studio with wifi, cable, original Fenway Park seats, patio, grill, hot tub, laundry, Charlie Cards, complimentary pass for 4 to the Museum of Fine Arts. Front and side access. Owner occupied. Village 1 mile with banks, grocery store, special meat and fish stores, international wine and cheese shop, flower shop, library and other shops to browse.  Some of the best restaurants in Boston, everything from Susi to Italian. Airport pick up service. Bus, commuter rail and train in the neighborhood. Bus a two minute walk from the house. Plenty of on street parking. Lyft service available while on premises. Access to large backyard. Enjoy John's original art work. 2 minutes from public transportation. Excellent restaurants and shops within walking distance.",1,3,1,4,,
3422597,5422969,Apartment,49.25517354,-123.185493,74,Lux Vancouver Lanehouse Near UBC,"2 levels, 1 bedroom, 1 bathroom new lane way house in Dunbar Village. Clean, minimalist design, not suitable for kid. Large private deck, seconds to direct bus downtown, UBC, Pacific Spirit Park, golf courses, tennis, bike to beach. Five Star Living! Perfect for two guests. The living room has a Scandinavian sofa that eases into a queen-sized bed, for extra people, but this house is not suitable for small children. Large, spacious and luxurious and free-standing! Your own home away from home. Steps from Westside private/public schools and UBC. A little gem in Dunbar, safe, quiet and welcoming.  Guest will have access to everything our little home has to offer. Bike rental just up the street, washer/dryer, fully equipped kitchen, bath and shower. We will give you keys, familiarize you with area and provide maps and tourism information. You can call/text us if you need something, but otherwise this is a very private accommodation. Dunbar is a little village in a big city. Our neighbourho",1,2,1,4,,
3522508,3527628,Townhouse,49.23201075,-123.2081002,87,Charming basement suite - near UBC,"Our comfortable & private suite is next door to walking/cycling trails, 5 min drive to UBC, 10 min to the beach, and 20 min to downtown!  Large, extremely private backyard with BBQ and eating area. Perfect for students, couples, or a small family. Our clean and cute space easily accommodates a couple or small family.  We are also pet friendly (but require additional 25$ pet cleaning fee)! This fully furnished, private entry suite is self-contained and separate from the rest of the house.  There is plenty of free street parking out front. The bedroom has an extremely comfortable queen sized bed that will rejuvinate any tired traveler and offer you the best nights sleep!  The living area also has a futon couch that could sleep up to two people, if necessary. The kitchen is fully stocked with a full sized fridge, oven, dishwasher, coffee maker, and microwave.  We also supply the basics like sugar, salt, pepper, olive oil, and coffee!  There is also a 40"" flat screen tv with basic cable.  ",1,1,1,3,,
3534949,7465731,Loft,49.25779043,-123.2001776,82,Stay in beautiful Pt Grey Vancouver,"SF bed (Q-size) room. Full, private bathroom. In 3 BedR + den, 2 1/2 BathR, 2400 sq ft SF, 2-storey contemporary house with 9 ft ceilings on main floor. On a quiet street in westside Vancouver's most desirable area. The house is large enough that you can have your own privacy.  I'm the only other person sharing the 3 BR+den  upstairs with you. My BR is at one end of the hall, your guest BR is at the other. Very comfortably fits one or two people. Guests have access to the kitchen/breakfast nook, dining room, living room, shared laundry room, back yard and deck. I interact with guests as little or as much as they would like.  I tend to go to bed after most people and am not an early riser, so if your schedule is opposite to mine, you can often feel like you have the whole house to yourself!  My house is 5 blocks from the Blanca St UBC gates (15th Ave & Courtenay St) in Vancouver westside's best and most desirable area.  It's a beautiful, quiet, safe area, 7 min by bus from UBC, 8 min by",1,1,1.5,2,,
3575220,13226301,Loft,42.28027891,-71.13586963,94,The Artist room in beautiful villa.,The Artist room in beautiful villa.,1,1,1.5,1,,
3645675,1854872,Dormitory,43.76733331,-79.49898266,10,Cozy Room @ York Uni (103 Cook),"York University Shared House  Bsmt.  you can see the York university view from the house . two people shared wc , share  the kitchen with  other students  normally 4 month lease 525 8 month lease 500 Laundry extra 1) Locked doors when leaving the  This is only for York university students  suitable for boys.  no party, no smoking no pets ",1,1,1,1,,
3821194,9556722,Loft,45.52032585,-73.60906547,88,Super chill Private room Montréal,Super chill Private room Montréal,1,1,1.5,1,,
3858401,7134807,Loft,43.76396038,-79.49695416,62,Spacious Room in Spacious Apartment,"This spacious apartment is warm and charming, with its original art, large book collection, and tv/stereo equipment available to those who visit.   This is an ideal place to stay for the 2015 Pan Am / Parapan Am Games. The space available is a large private bedroom in a spacious three bedroom apartment.  The room is furnished with a double bed, bedside table, bookshelves, computer desk and chair, cabinet, and lockable door with key.   A blowup mattress is also available for a third guest. Guests will have access to all common spaces, including the bathroom, the living room, the balcony, the dining room, the computer room, and the kitchen.  The only room off limits is my private bedroom. I welcome guests to interact with me.  I am available for advice on the city or to simply chat.  But I also appreciate the need for privacy, and so guests are also welcome to keep to themselves without disturbance. This apartment is in a safe and friendly neighborhood, directly across from a community g",1,1,1,3,,
3929127,14589681,Townhouse,43.74786336,-79.49366581,25,900sq/ft apartment on ravine lot,900sq/ft apartment on ravine lot,1,2,1,4,,
4025194,1480518,villa,42.29353492,-71.12071325,80,Queen Bed/Near Subway/Free Passes,"Comfy queen-size bed, free breakfast, clean sheets, fresh towels, private space with welcoming hosts who want to make your Boston experience easy and memorable. Roslindale is a wonderful neighborhood. If you have any doubts, read our reviews! This room is situated in Boston's charming Roslindale neighborhood, 0.4 miles away from the Orange Line subway (an 8 minute walk or 2 minute ride on the very frequent buses). Quiet, young married hosts who are very friendly and like to meet new people. No pets, smoke-free, no harsh chemicals or fragrances in our cleaning products or laundry detergent.  Features: Free Continental Breakfast Comfortable Queen Bed with clean, soft sheets Fresh Towels Free Fast Wi-Fi Cable TV Living Room has movie projector w/ 10 ft screen, free popcorn, Netflix Air Conditioner during summer Desk Deck with seating and table On-Street Parking Bonuses: 2 Free Unlimited Passes for subway and bus  Free Water & Snacks Information: Pamphlets, brochures, books and takeout men",1,1,1,2,,
4085362,3164508,Loft,42.28174852,-71.14031784,97,"Sub""Urban"" Vacationing Rm 2","Come share our  beautifully maintained grand two family home built circa 1924 with spectacular views of the nearby Boston skyline.  We live in a quiet neighborhood and we are only a 4 minute walk to the bus. On street parking available.   We provide a bedroom and a full shared bath for this room. From the front of the house you have a panoramic view of Boston and from the back deck you have a private space overlooking our spacious back yard and the greenery of the neighborhood.  We provide the towels and the linens.   (For the summer months, we have air conditioning in the bedrooms)  Our home is impeccably clean.  We vacuum, dust, and clean everywhere before and after our guests arrive and depart.  For use of another room see our listing at Sub""Urban"" Vacationing Rm 1.  We will respond to your inquiry within 6-8 hours or less. Amenities include an evening snack upon arrival, continental style breakfast (Please let us know of food allergies, or other dietary needs.), wireless internet, ",1,1,2,1,,
4283698,333210,Apartment,42.28967076,-71.13728641,7,Private 1 bedroom w/ kitchenette,"This is a fantastic, newly updated space.  Large, living room with futon couch/bed, and spacious bedroom with queen bed.  Updated bathroom, fixtures, and appliances.  Third floor of a home, private entrance.  Off-street parking in front of house. This is a fantastic space!  We've finished all the updates which the current pictures don't reflect.  It's even better now!   This is a third floor, with a cozy feel but with lots of space.  Huge bedroom & kitchen.  8 ft ceilings in most places.  We've updated all the fixtures and appliances, new paint, new flooring and furniture.   It's clean, and there's plenty of room for 4+ people.  The kitchen is large with a table and seating for 4.  Coffee and snacks are provided also.   It's fully heated and there's window AC units in the summer months. We have private, off-street parking. Please let us know if you'll be taking advantage of this otherwise we may not leave a space for you.   We ask guests to park in front of our house only, as our neigh",1,2,1,4,,
4614098,23904087,Loft,45.51654679,-73.59725771,86,Charming Bedroom in Mile End Apt.,Charming Bedroom in Mile End Apt.,1,1,1,2,,
4661840,24122606,Loft,45.52522002,-73.61205666,16,Beautiful and sunny Mile-End room,Beautiful and sunny Mile-End room,1,1,1.5,1,,
4710792,24345657,House,43.76597027,-79.50258554,53,House,House,1,1,0,1,,
4775413,10635352,Condominium,43.76761069,-79.5031049,99,York Penthouse with a View,York Penthouse with a View,2,2,1,4,,
4823922,3649315,Townhouse,45.52362324,-73.60806887,81,Mile End 4 1/2 Montreal,"Big clean 4 1/2 in the heart of the mileend. Cable tv, internet and easy access to best neighborhood Montreal. Perfect for couple or single person . Clean, bright and super cute .",1,1,1,2,,
4916307,702188,Apartment,49.25436097,-123.1881801,87,Private Modern Dunbar Suite,"Our cozy basement suite is equipped to accommodate up to six people in a quiet residential neighbourhood.  We are located close to UBC with easy access to four bus routes. This is a single, self-contained, garden level suite (approx. 825 sq. ft.) with 2 bedrooms with queen size beds and a double sized futon in the living room. The suite is equipped to accommodate six people and is best suited to those who are active with plans to be out during the day. There is a separate, private entry with key-less access, LCD-TV with DVD, high speed internet, a single bathroom with shower, full  kitchen facilities including gas stove, refrigerator, microwave, toaster, blender, kettle, Keurig coffee maker, pots & pans,  glassware, dishes, cutlery and cooking utensils and in suite laundry facilities for guest use.  Guests staying over a week are provided weekly linen changes and cleaning service. Breakfast is not served. The suite has coffee and tea supplies and other basic kitchen essentials. Beyond ",2,3,1,6,,
4922204,6570877,Apartment,42.28214228,-71.12904915,81,Charming new house-15 min to Boston,"Roslindale is the new hip section of Boston and I just bought this house which was fully renovated. It is a 5 minute walk to ""Rosi Square"" where you can get the commuter rail into downtown Boston. If you drive, it is 7.9 miles to downtown Boston. I just bought this house so my old Airbnb listing is deactivated but you can see reviews of my last place.  Guests can use the entire house but if your group is less than the entire house will fit,  you will have access to the number of bedrooms you need and the others will be closed so I don't have as much to clean. I ask for guests to please take off their shoes inside the house, and please no smoking. There is another apartment in the basement level which I may stay in if I am in town, but I am often away. I also come over to water the new grass which I am trying to grow! I am happy to interact or leave you on your own! I have an electronic keypad for entry so you will not have to worry about the key if I am not around. If there are no gues",3,6,2.5,9,,
4934960,22760672,Loft,43.75262315,-79.46547834,8,Beautiful sunny room in  condo,Beautiful sunny room in  condo,1,1,1.5,2,,
5354033,27751962,Loft,45.51645373,-73.62116095,68,Chambre privée dans luxueux 7 1/2,Chambre privée dans luxueux 7 1/2,1,1,1,1,,
5434353,9658771,House,42.28626474,-71.13706513,83,Quiet  Beauty in Boston,Quiet  Beauty in Boston,2,2,1.5,2,,
5550435,7155869,House,45.51637477,-73.59207938,73,Cozy apt in the ❤️ of Vibrant Mtl,"Big 1-bedroom with a sofa bed in living room. Located centrally between cool Mile-End and trendy Outremont. 5 min walk to the Mont-Royal park. Easy access to groceries, cafés and metro and bus stations.",1,1,1,2,,
5659689,29335268,Condominium,49.23119504,-123.1866429,71,Beautifully renovated 2-3 bed home,Beautifully renovated 2-3 bed home,3,4,1.5,5,,
5709491,29603052,Loft,49.23282701,-123.1959561,50,Shaunessy golf course views by UBC ,Shaunessy golf course views by UBC ,1,1,1,2,,
5820340,1854872,Dormitory,43.76842017,-79.49786366,64,Spacious stay at York University,"Spacious and comfortable room, with a large closet, desk and queen sized bed. Great for couples, working professionals or mature students.",1,1,1,1,,
5884429,15396970,Loft,42.28657683,-71.13553645,35,"2 Rooms, Private Bath, AC -sleeps 4","2 Rooms, Private Bath, AC -sleeps 4",1,3,1.5,4,,
5915025,5162168,Townhouse,45.52100088,-73.61349289,28,Big Gorgeous Sunny Gem w Roof Deck,"Spacious and charming Outremont apartment, 10 minutes walk from Mile End, with 2 balconies and a huge roof deck, accessible by a spiral staircase in the kitchen.  The rooftop terrace is a great spot to recline or eat dinner with a fabulous view of Mount Royal, L'Église Sainte-Madeleine, and the neighbourhood's beautiful green treetops. The huge, bright kitchen features a cathedral ceiling with skylights, and french doors that lead onto the back balcony which contains a gas BBQ. The rear balcony faces the back alley which can be a hub of neighbourly activity in the summer, with children playing and adults sipping cocktails.  In the back of the kitchen there is a big closet that holds the washer and dryer. The living room features a skylight, exposed brick, a working cast iron fireplace, and a 46"" flat screen TV. We also have a huge collection of vinyl LPs that you are free to enjoy. The smallish bathroom contains a big original clawfoot tub, original tile, a brand new sink, toilet, and ",1,1,1,2,,
5922059,30753730,Loft,43.76763153,-79.50238511,44,"Cozy BR @ York University, Toronto","Cozy BR @ York University, Toronto",1,1,1,2,,
5923285,30753730,Dormitory,43.76839733,-79.50080737,43,"Snug BR @ York University, Toronto","Snug BR @ York University, Toronto",1,1,1,1,,
5960293,30753730,Loft,43.76744507,-79.50242788,61,2 Bed Bedroom @ York University,2 Bed Bedroom @ York University,1,2,1,3,,
6302619,3502134,Apartment,45.5233746,-73.61176826,80,Gorgeous 2 BR Outremont/Mile End,"A newly renovated, elegant apartment (1920s) in leafy Outremont on the edge of Mile End - the best of both worlds! New bathroom with heated floor, gorgeous antiques, high end sheets on the queen and double beds, renovated full kitchen, 2 balconies. This elegant apartment was designed to make you feel spoiled. We travel a lot and spend a lot of time in other peoples' airbnbs and have tried to create the apartment in light of our experience. Filled with antique furniture and composed with style, the apartment is spacious and comfortable. Two balconies allow you to eat outside in the summer and enjoy the long warm nights. In the winter, the apartment is cozy and warm. If you are here to work - the second bedroom includes a lovely teak desk and bookshelves. Free internet and smart tv. Pictures of the bathroom will follow - it is currently under renovation. Guests have access to the apartment at 756A, which includes washer, dryer, dishwasher, and all amenities for cooking and comfortable li",2,2,1,4,,
6390287,2001148,villa,49.24166865,-123.1702829,72,Artist retreat,"Share artist home filled with art.  It is my pleasure to accomodate you with a comfortable private room, in a tranquil setting minutes to the heart of Kits and downtown. Think sanctuary, the house is located on a quiet tree lined street. It is a home gallery of the owner. Guest are welcomed to use the kitchen, relax in the living room or back deck. I'm happy to assist my guest with suggestions for places to visit, or general public transportation information. This is an older neighborhood that is located on a beautiful tree lined street. We are very close to public transportation that takes you straight to downtown attractions in 15 min. The beach is 10min.",1,1,1,1,,
6502061,24558497,Loft,45.52373347,-73.61228966,71,The coolest location in Montreal.,The coolest location in Montreal.,1,1,1,2,,
6625373,24346665,Loft,43.76856227,-79.49800294,10,Cozy & Comfortable w/ En-suite Bath,Cozy & Comfortable w/ En-suite Bath,1,2,1.5,3,,
6628476,33212966,Loft,43.7655074,-79.49439663,66,Bdrm in shared condo near YorkU (M),Bdrm in shared condo near YorkU (M),1,1,1,1,,
6830631,24346665,Dormitory,43.76804372,-79.50013465,57,Cozy Room @ York University Toronto,Cozy Room @ York University Toronto,1,1,1.5,1,,
6831764,24346665,Dormitory,43.76873812,-79.49713237,58,Cozy Room @ York University Toronto,Cozy Room @ York University Toronto,1,1,1,1,,
6831843,24346665,Loft,43.76942907,-79.50052178,72,Comfy room @ York University,Comfy room @ York University,1,1,1.5,1,,
6832028,24346665,Dormitory,43.76906851,-79.49913882,27,Cozy Room @ York University Toronto,Cozy Room @ York University Toronto,1,1,1,1,,
6849452,24346665,Loft,43.76855973,-79.5019191,16,Bright room with balcony access,Bright room with balcony access,1,1,1.5,1,,
6887004,5340640,Townhouse,43.74945437,-79.50487934,58,"Cozy Apartment, 1 Bed, 1 Bath","A cozy apartment, with a private bedroom, king size bed and washroom. Very nice view of the city. You can see the CN Tower in the distance.  The unit is nicer than the building itself. Very cozy and upgraded for us to enjoy living in. The unit was renovated with care for us to live in and enjoy. The building itself is not new, but we've done what we can to make the unit as cozy as possible. I'm always available by text or email. I do my best to respond within a reasonably fast time frame. The common areas of the building are not in the newest condition.",2,1,1,2,,
6897283,36141263,Loft,49.25596275,-123.1807526,41,Collingwood Cottage near Dunbar,Collingwood Cottage near Dunbar,1,3,1.5,5,,
6922238,12571995,Townhouse,43.75428208,-79.5005333,41,Home near York University,Home near York University,2,4,1,5,,
6932491,13281477,Townhouse,45.5190157,-73.60851488,88,Bright Apartement near subway,Bright Apartement near subway,2,1,1,2,,
6933545,15472064,Loft,42.28885194,-71.13128217,96,Cozy Room On the Arnold Arboretum,Cozy Room On the Arnold Arboretum,1,1,1,2,,
7111604,37253135,Loft,45.52343814,-73.60910856,66,Nice room available in Outremont,Nice room available in Outremont,1,1,2,2,,
7227968,37844039,Loft,43.76809635,-79.50348613,85,Hotel Style Room W/ Fancy Washroom,Hotel Style Room W/ Fancy Washroom,1,1,1,2,,
7252607,34552909,Loft,42.28280175,-71.11514509,85,Private Room near Public Transport,Private Room near Public Transport,1,1,1,2,,
7362173,38573316,Condominium,49.24597403,-123.1752845,5,West Side Vancouver Entire Home,West Side Vancouver Entire Home,3,3,3.5,5,,
7390061,37193227,Dormitory,43.7666359,-79.49926449,52,Toronto@York university bright room,Toronto@York university bright room,1,1,1,1,,
7417108,38855266,Bungalow,45.52129504,-73.60832339,42,Luminous City Oasis in Mile End,Luminous City Oasis in Mile End,2,2,1,3,,
7651065,15396970,Loft,42.28451221,-71.13625805,20,Come Home to Boston,Come Home to Boston,1,2,1,2,,
7678097,2176340,Apartment,45.52370965,-73.61295668,49,Charming and Cozy apartment :),"Apartment is in the heart of Outremont and Mile end, the trendiest area in Montreal, it is surrounded by cute cafés and little shops. Our apartment is large, bright and on the top floor. Make yourself at home and enjoy this beautiful city!",1,1,1,2,,
8030967,8860332,House,43.76913512,-79.504392,32,"Simple, clean and practical","Simple, clean and practical",2,4,1,4,,
8321518,21704315,Condominium,49.23330309,-123.1802113,1,Basement suite/flexible pricing!,Basement suite/flexible pricing!,1,1,1,3,,
8473851,44625108,Loft,42.27493019,-71.13062801,76,Private Room in Single Family Home,Private Room in Single Family Home,1,1,2,2,,
8535966,6542094,Apartment,49.23467615,-123.1866925,28,New 1 Bedroom/Studio Apartment,"Open concept, large bright studio apartment. Coffee shop downstairs, across the street from IGA grocery store. The apartment has a full kitchen including a dishwasher. Wifi included. Easy Access to UBC, Kitsilano and Kerrisdale shops and restaurants. Queen sized bed, front room is like a solarium, and does close off to separate. The building is very new which is rare in Vancouver, with a beautiful clean kitchen and modern bathroom. Main Bus Routes are across the street and can take you pretty much anywhere in Vancouver.",1,1,1,2,,
8539865,34470961,Loft,45.52000961,-73.61210796,42,Cutie Patootie Montreal Apartment,Cutie Patootie Montreal Apartment,1,1,1,2,,
8650746,9214271,House,49.23616649,-123.1789642,49,Beautiful house near UBC,Beautiful house near UBC,3,3,3,6,,
8783019,46037158,Loft,49.24256997,-123.1774628,3,Near UBC. Quiet Street. Family home,Near UBC. Quiet Street. Family home,1,1,0.5,1,,
11639279,52992470,Bungalow,45.51536394,-73.61821264,43,Grande maison ancienne a louer,Grande maison ancienne a louer,4,4,2,8,,
12232129,1264979,Loft,45.52016348,-73.601197,21,A beautiful room in the Mile-End,"Sunny and comfortable room with a queen bed to rent in an apartment located in the coolest area of Montreal : the Mile-End. Close to all types of artistic venues, direct bus lines to McGill and UdeM universities, lots of",1,1,1,1,,
