sin_id,first_name,last_name,email,latitide,longitude,birth_date,occupation,registered_on,login_on
16701,Phil,Elene,Phil.Elene@mybnb.com,42.29243789,-71.13576525,1977-07-31,Garden designer,,
19916,Cathy,Loanna,Cathy.Loanna@mybnb.com,49.23900278,-123.1809587,1972-11-16,Artist,,
110792,Philipp,Chimwemwe,Philipp.Chimwemwe@mybnb.com,45.51865769,-73.61271299,1983-12-30,Telephonist,,
333210,Gena,Margit,Gena.Margit@mybnb.com,42.28967076,-71.13728641,1975-02-16,Circus worker,,
431385,Cynthia,Fabricia,Cynthia.Fabricia@mybnb.com,42.27440801,-71.12529404,1966-02-10,Animal breeder,,
702188,Ramona,Queenie,Ramona.Queenie@mybnb.com,49.25436097,-123.1881801,1995-03-20,Animal breeder,,
734359,Nicole,Sybille,Nicole.Sybille@mybnb.com,45.51719041,-73.61798789,1994-05-03,Typist,,
1176995,Duane,Sybille,Duane.Sybille@mybnb.com,42.28052813,-71.13084254,1992-11-29,Brewer,,
1264979,Ida,Ottabviano,Ida.Ottabviano@mybnb.com,45.52016348,-73.601197,1984-12-30,Salesperson,,
1480518,Lisa,Edur,Lisa.Edur@mybnb.com,42.29353492,-71.12071325,1968-02-08,Architect,,
1854872,Shanny,Joris,Shanny.Joris@mybnb.com,43.76815432,-79.49742759,1977-11-30,Salesperson,,
1890533,Nadia,Loanna,Nadia.Loanna@mybnb.com,45.52076029,-73.61280806,1972-01-24,Circus worker,,
2001148,Barbara,Goricia,Barbara.Goricia@mybnb.com,49.24166865,-123.1702829,1985-11-16,Fitness instructor,,
2176340,Camille,Ottabviano,Camille.Ottabviano@mybnb.com,45.52370965,-73.61295668,1978-05-11,Disc jockey,,
2572247,Andrea,Chimwemwe,Andrea.Chimwemwe@mybnb.com,42.28624082,-71.13437396,1994-11-03,Disc jockey,,
2619674,Maude,Elene,Maude.Elene@mybnb.com,45.51822446,-73.59651255,1967-06-22,Architect,,
2673521,Rémi,Mahli,Rémi.Mahli@mybnb.com,45.52014105,-73.61294962,1989-05-16,Medical student,,
3164508,Marilyn,Ralston,Marilyn.Ralston@mybnb.com,42.28174852,-71.14031784,1989-08-07,Pharmacist,,
3502134,Erin,Fabricia,Erin.Fabricia@mybnb.com,45.5233746,-73.61176826,1985-04-28,Carpenter,,
3527628,John,Janna,John.Janna@mybnb.com,49.23201075,-123.2081002,1975-01-12,Pharmacist,,
3649315,Coleen,Loanna,Coleen.Loanna@mybnb.com,45.52362324,-73.60806887,1991-03-25,Butcher,,
3945222,Adeline,Ralston,Adeline.Ralston@mybnb.com,45.52014033,-73.61552032,1974-09-05,Carpenter,,
3962517,Sami,Loanna,Sami.Loanna@mybnb.com,42.28587764,-71.12490956,1966-09-14,Social worker,,
4120058,Noo-Noo,Chimwemwe,Noo-Noo.Chimwemwe@mybnb.com,49.24555376,-123.1822256,1975-02-19,Architect,,
4653380,Beth,Ottabviano,Beth.Ottabviano@mybnb.com,42.29151999,-71.13185777,1987-05-30,Carpenter,,
5162168,Adam,Margit,Adam.Margit@mybnb.com,45.52100088,-73.61349289,1973-06-11,Garden designer,,
5164882,Dagmar,Edur,Dagmar.Edur@mybnb.com,49.25112912,-123.183859,1973-04-11,Artist,,
5340640,Shervin,Margit,Shervin.Margit@mybnb.com,43.74945437,-79.50487934,1979-09-08,Telephonist,,
5422969,Julie,Mahli,Julie.Mahli@mybnb.com,49.25517354,-123.185493,1982-11-02,Circus worker,,
6336753,Susan,Murali,Susan.Murali@mybnb.com,49.22759605,-123.1899542,1966-05-29,Animal breeder,,
6404004,Serena,Elene,Serena.Elene@mybnb.com,49.25687762,-123.1799926,1966-09-09,Animal breeder,,
6542094,Lindsey,Queenie,Lindsey.Queenie@mybnb.com,49.23467615,-123.1866925,1995-01-20,Typist,,
6570877,Juliet,Edur,Juliet.Edur@mybnb.com,42.28214228,-71.12904915,1966-12-01,Brewer,,
7078248,Paula,Margit,Paula.Margit@mybnb.com,49.24573042,-123.1894273,1976-04-14,Salesperson,,
7134807,Michael,Fabricia,Michael.Fabricia@mybnb.com,43.76396038,-79.49695416,1993-06-20,Architect,,
7155869,Mahnoush,Zenobios,Mahnoush.Zenobios@mybnb.com,45.51637477,-73.59207938,1988-03-20,Salesperson,,
7324823,Mike,Sybille,Mike.Sybille@mybnb.com,49.24078143,-123.1838027,1995-03-30,Circus worker,,
7465731,Brian,Mahli,Brian.Mahli@mybnb.com,49.25779043,-123.2001776,1985-09-08,Fitness instructor,,
7506913,Maria,Zenobios,Maria.Zenobios@mybnb.com,42.27571563,-71.13013943,1978-08-14,Disc jockey,,
8323794,Jean,Joris,Jean.Joris@mybnb.com,45.5225194,-73.60901996,1966-01-22,Disc jockey,,
8491165,Jeff,Jorginho,Jeff.Jorginho@mybnb.com,42.28556003,-71.1239987,1970-10-18,Architect,,
8834105,Rebecca,Sybille,Rebecca.Sybille@mybnb.com,42.28194183,-71.1333719,1979-02-14,Medical student,,
8860332,Vibhor,Fabricia,Vibhor.Fabricia@mybnb.com,43.76913512,-79.504392,1966-08-06,Pharmacist,,
9214271,Claudine,Ilona,Claudine.Ilona@mybnb.com,49.23616649,-123.1789642,1968-04-29,Carpenter,,
9556722,Jean,Queenie,Jean.Queenie@mybnb.com,45.51928585,-73.60962038,1966-03-23,Pharmacist,,
9658771,Anthony,Fabricia,Anthony.Fabricia@mybnb.com,42.28626474,-71.13706513,1987-10-06,Butcher,,
10021116,Douglas,Murali,Douglas.Murali@mybnb.com,42.28997231,-71.13614632,1991-01-21,Carpenter,,
10635352,Jan,Queenie,Jan.Queenie@mybnb.com,43.76761069,-79.5031049,1977-08-03,Social worker,,
11883405,Miss,Zenobios,Miss.Zenobios@mybnb.com,49.24238501,-123.1839912,1985-04-05,Architect,,
12571995,Sam,Edur,Sam.Edur@mybnb.com,43.75428208,-79.5005333,1995-04-03,Carpenter,,
13226301,Mohamed,Goricia,Mohamed.Goricia@mybnb.com,42.27964782,-71.13605873,1967-06-21,Garden designer,,
13226301,Mohamed,Mahli,Mohamed.Mahli@mybnb.com,42.28027891,-71.13586963,1993-06-19,Artist,,
13281477,Milena,Mahli,Milena.Mahli@mybnb.com,45.5190157,-73.60851488,1987-02-05,Telephonist,,
13682119,Stephanie,Jorginho,Stephanie.Jorginho@mybnb.com,49.24979713,-123.189133,1979-03-11,Circus worker,,
14589681,Martha,Zenobios,Martha.Zenobios@mybnb.com,43.74786336,-79.49366581,1991-09-03,Animal breeder,,
15396970,Linda,Janna,Linda.Janna@mybnb.com,42.28657683,-71.13553645,1966-10-14,Animal breeder,,
15472064,Herb,Queenie,Herb.Queenie@mybnb.com,42.28885194,-71.13128217,1968-01-04,Typist,,
15472709,Milena,Sybille,Milena.Sybille@mybnb.com,45.5127796,-73.59734761,1988-06-10,Brewer,,
21704315,Thomas,Loanna,Thomas.Loanna@mybnb.com,49.23330309,-123.1802113,1975-05-08,Salesperson,,
22760672,Berna,Mahli,Berna.Mahli@mybnb.com,43.75262315,-79.46547834,1981-01-08,Architect,,
23904087,Jonas,Fabricia,Jonas.Fabricia@mybnb.com,45.51654679,-73.59725771,1989-02-27,Salesperson,,
24122606,Anastasia,Janna,Anastasia.Janna@mybnb.com,45.52522002,-73.61205666,1993-07-28,Circus worker,,
24345657,Arkadi,Loanna,Arkadi.Loanna@mybnb.com,43.76597027,-79.50258554,1979-10-04,Fitness instructor,,
24346665,Seiko,Ralston,Seiko.Ralston@mybnb.com,43.76856227,-79.49800294,1992-07-13,Disc jockey,,
24558497,Anna,Murali,Anna.Murali@mybnb.com,45.52373347,-73.61228966,1978-02-18,Disc jockey,,
27751962,Mariel,Edur,Mariel.Edur@mybnb.com,45.51645373,-73.62116095,1991-02-06,Architect,,
29335268,Elizabeth,Ottabviano,Elizabeth.Ottabviano@mybnb.com,49.23119504,-123.1866429,1975-03-14,Medical student,,
29603052,Lynda,Sybille,Lynda.Sybille@mybnb.com,49.23282701,-123.1959561,1967-02-27,Pharmacist,,
30753730,Jeishan,Elene,Jeishan.Elene@mybnb.com,43.76763153,-79.50238511,1973-07-05,Carpenter,,
33212966,Lisa,Janna,Lisa.Janna@mybnb.com,43.7655074,-79.49439663,1983-02-09,Pharmacist,,
34470961,Joelle,Jorginho,Joelle.Jorginho@mybnb.com,45.52000961,-73.61210796,1995-05-28,Butcher,,
34552909,Barrie,Joris,Barrie.Joris@mybnb.com,42.28280175,-71.11514509,1975-05-21,Carpenter,,
36141263,Ashley,Ottabviano,Ashley.Ottabviano@mybnb.com,49.25596275,-123.1807526,1973-01-17,Social worker,,
37193227,Josie,Goricia,Josie.Goricia@mybnb.com,43.7666359,-79.49926449,1981-07-16,Architect,,
37253135,Luc,Edur,Luc.Edur@mybnb.com,45.52343814,-73.60910856,1967-10-02,Carpenter,,
37844039,Nishka,Ilona,Nishka.Ilona@mybnb.com,43.76809635,-79.50348613,1970-09-21,Carpenter,,
38573316,Joan,Ralston,Joan.Ralston@mybnb.com,49.24597403,-123.1752845,1976-08-23,Pharmacist,,
38855266,Aude,Queenie,Aude.Queenie@mybnb.com,45.52129504,-73.60832339,1973-08-15,Butcher,,
44625108,Jessica,Queenie,Jessica.Queenie@mybnb.com,42.27493019,-71.13062801,1991-06-21,Carpenter,,
46037158,Lidia,Fabricia,Lidia.Fabricia@mybnb.com,49.24256997,-123.1774628,1989-07-22,Social worker,,
52992470,Soraya,Ilona,Soraya.Ilona@mybnb.com,45.51536394,-73.61821264,1977-04-16,Architect,,
,,,,,,,,,
